,CO2,Distance
count,50000.0,50000.0
mean,76030.36462385923,18070.46016
std,748.9207985911744,202.12231594108775
min,73041.24414556992,17218.0
25%,75524.66582940189,17934.0
50%,76030.46086069892,18070.0
75%,76534.70352037689,18208.0
max,79323.60264754377,18984.0
